{"_default": {"1": {"correction": [0.9980863817036152, 0.004892367869615555, 0.00487329438328743, 1.0019927695393562], "i_offset": -0.02349853515625, "q_offset": 0.04150390625, "lo_frequency": 6350000000.0, "if_frequency": 75000000.0, "temperature": {"temp": 60.25, "errors": []}, "mixer_id": "octave_octave1_1", "optimizer_parameters": {"average_iterations": 100, "iterations": 10000, "calibration_offset_frequency": 7000000.0, "keep_on": false}}, "2": {"correction": [1.0191061198711395, 0.11121951043605804, 0.11143694818019867, 1.0171176195144653], "i_offset": 0.0087890625, "q_offset": 0.044921875, "lo_frequency": 3950000000.0, "if_frequency": 50000000.0, "temperature": {"temp": 60.6875, "errors": []}, "mixer_id": "octave_octave1_2", "optimizer_parameters": {"average_iterations": 100, "iterations": 10000, "calibration_offset_frequency": 7000000.0, "keep_on": false}}, "3": {"correction": [1.0066319666802883, 0.07632093876600266, 0.0760233923792839, 1.0105718038976192], "i_offset": -0.01979827880859375, "q_offset": 0.02197265625, "lo_frequency": 3950000000.0, "if_frequency": 75000000.0, "temperature": {"temp": 49.0, "errors": []}, "mixer_id": "octave_octave1_3", "optimizer_parameters": {"average_iterations": 100, "iterations": 10000, "calibration_offset_frequency": 7000000.0, "keep_on": false}}}}