{
  "network.qop_ip": "127.0.0.1",
  "network.cluster_name": "my_cluster",
  "network.save_dir": "",
  "local_oscillators.network.qop_ip": "127.0.0.1",
  "local_oscillators.network.qop_port": 80,
  "local_oscillators.network.save_dir": "",
  "local_oscillators.qubits[].freq": [4500000000.0,6500000000.0,7000000000.0],
  "local_oscillators.qubits[].power": [18,18,18],
  "local_oscillators.qubits[]_len": 3,
  "local_oscillators.readout[].freq": [7350000000.0],
  "local_oscillators.readout[].power": [15],
  "local_oscillators.readout[]_len": 1,
  "qubits[].name": ["q0","q1","q2","q3","q4"],
  "qubits[].xy.LO_index": [0,0,1,2,2],
  "qubits[].xy.f_01": [4500000000.0,4500000000.0,6276359154.55355,7100000000.0,7122996433.547775],
  "qubits[].xy.anharmonicity": [250000000.0,250000000.0,250000000.0,250000000.0,250000000.0],
  "qubits[].xy.drag_coefficient": [0.0,0.0,0.0,0.0,0.0],
  "qubits[].xy.ac_stark_detuning": [0.0,0.0,0.0,0.0,0.0],
  "qubits[].xy.pi_length": [40,40,40,40,40],
  "qubits[].xy.pi_amp": [0.124,0.124,0.04272981268155205,0.124,0.2574000000000001],
  "qubits[].xy.wiring.controller": ["con1","con1","con1","con1","con1"],
  "qubits[].xy.wiring.I": [[5,0],[1,"I2"],[3,"I3"],[7,"I4"],[9,"I5"]],
  "qubits[].xy.wiring.Q": [[6,0],[2,"Q2"],[4,"Q3"],[8,"Q4"],[10,"Q5"]],
  "qubits[].xy.wiring.mixer_correction.offset_I": [0.0,0.0,0.0,0.0,0.0],
  "qubits[].xy.wiring.mixer_correction.offset_Q": [0.0,0.0,0.0,0.0,0.0],
  "qubits[].xy.wiring.mixer_correction.gain": [0.0,0.0,0.0,0.0,0.0],
  "qubits[].xy.wiring.mixer_correction.phase": [0.0,0.0,0.0,0.0,0.0],
  "qubits[].z.wiring.controller": ["con2","con2","con2","con2","con2"],
  "qubits[].z.wiring.port": [3,4,5,6,7],
  "qubits[].z.wiring.filter.iir_taps": [[],[],[],[],[0.91977634768544]],
  "qubits[].z.wiring.filter.fir_taps": [[],[],[],[],[1.181807609134588,-1.1015839568200279]],
  "qubits[].z.flux_pulse_length": [200,200,200,200,52],
  "qubits[].z.flux_pulse_amp": [0.175,0.175,0.015,0.175,0.104],
  "qubits[].z.max_frequency_point": [0.0,-0.04,0.018,-0.081,-0.004],
  "qubits[].z.min_frequency_point": [-0.2,0.2,0.21,0.1,0.2],
  "qubits[].z.iswap.length": [16,16,16,16,30],
  "qubits[].z.iswap.level": [0.075,0.075,0.075,0.075,-0.0972],
  "qubits[].z.cz.length": [16,16,16,16,25],
  "qubits[].z.cz.level": [0.075,0.075,0.075,0.075,-0.111],
  "qubits[].ge_threshold": [0.0,0.0,0.0006252171253678471,0.0,-0.0002812948854279806],
  "qubits[].T1": [1230,1232,4136,1232,7336],
  "qubits[].T2": [123,122,735,122,1064],
  "qubits[].T2echo": [2000,2000,2000,2000,2000],
  "qubits[]_len": 5,
  "resonators[].name": ["rr0","rr1","rr2","rr3","rr4"],
  "resonators[].LO_index": [0,0,0,0,0],
  "resonators[].f_res": [7246531479.657962,7310315388.917333,7466000000.0,7257125634.0,7593526655.0],
  "resonators[].f_opt": [7246531479.657962,7310315388.917333,7465500000.0,7257125634.0,7594826655.0],
  "resonators[].depletion_time": [1000,1000,1000,1000,1000],
  "resonators[].readout_pulse_length": [4000,4000,4000,4000,4000],
  "resonators[].readout_pulse_amp": [0.005,0.005,0.008,0.005,0.012],
  "resonators[].rotation_angle": [0.0,0.0,3.638881438655078,0.0,4.949537418556138],
  "resonators[].readout_fidelity": [0.0,0.0,70.93,0.0,77.175],
  "resonators[].wiring.controller": ["con2","con2","con2","con2","con2"],
  "resonators[].wiring.I": [[1,"I1"],[1,"I1"],[1,"I1"],[1,"I1"],[1,"I1"]],
  "resonators[].wiring.Q": [[2,"Q1"],[2,"Q1"],[2,"Q1"],[2,"Q1"],[2,"Q1"]],
  "resonators[].wiring.mixer_correction.offset_I": [0.0,0.0,0.0,0.0,0.0],
  "resonators[].wiring.mixer_correction.offset_Q": [-0.0,-0.0,-0.0,-0.0,-0.0],
  "resonators[].wiring.mixer_correction.gain": [0.0,0.0,0.0,0.0,0.0],
  "resonators[].wiring.mixer_correction.phase": [-0.0,-0.0,-0.0,-0.0,-0.0],
  "resonators[].opt_weights.weights_real": [[],[],[],[],[]],
  "resonators[].opt_weights.weights_minus_imag": [[],[],[],[],[]],
  "resonators[].opt_weights.weights_imag": [[],[],[],[],[]],
  "resonators[].opt_weights.weights_minus_real": [[],[],[],[],[]],
  "resonators[]_len": 5,
  "crosstalk.z": [[0.0,0.0,0.0,0.0,0.0],[0.0,0.0,0.0,0.0,0.0],[0.0,0.0,0.0,0.0,0.0],[0.0,0.0,0.0,0.0,0.0],[0.0,0.0,0.0,0.0,0.0]],
  "crosstalk.xy": [[0.0,0.0,0.0,0.0,0.0],[0.0,0.0,0.0,0.0,0.0],[0.0,0.0,0.0,0.0,0.0],[0.0,0.0,0.0,0.0,0.0],[0.0,0.0,0.0,0.0,0.0]],
  "global_parameters.time_of_flight": 284,
  "global_parameters.downconversion_offset_I": 0.013594,
  "global_parameters.downconversion_offset_Q": 0.015954
}