{"analog_outputs[]/controller": ["con1", "con1", "con1", "con1", "con1", "con1", "con1", "con1", "con1", "con1"], "analog_outputs[]/output": [1, 2, 3, 4, 5, 6, 7, 8, 9, 10], "analog_outputs[]/offset": [0.0156, 0.006, -0.0366, 0.0044, 0.0044, 0.0044, 0.014, -0.01, 0.05, 0.0175], "analog_outputs[]_len": 10, "analog_inputs[]/controller": ["con1", "con1"], "analog_inputs[]/input": [1, 2], "analog_inputs[]/offset": [0.0, 0.0], "analog_inputs[]/gain_db": [0, 0], "analog_inputs[]_len": 2, "analog_waveforms[]/name": ["const_wf", "saturation_drive_wf", "zero_wf", "gaussian_wf"], "analog_waveforms[]/type": ["constant", "constant", "constant", "arbitrary"], "analog_waveforms[]/samples": [[0.2], [0.2], [0.0], [0.0, 0.003125593487966977, 0.006665110862835394, 0.010654981642457385, 0.015131705954782665, 0.020131253766122816, 0.02568838329407179, 0.031835883505798544, 0.03860374854504072, 0.04601829504249638, 0.05410123645235061, 0.06286873171408804, 0.07233042854169407, 0.0824885243601754, 0.0933368702052374, 0.10486014463956293, 0.11703312578868952, 0.12982008984448598, 0.143174363728191, 0.15703805797790976, 0.1713420032897959, 0.18600591049763962, 0.20093876916292575, 0.21603949445016044, 0.23119782570681632, 0.2462954733208632, 0.2612075031954284, 0.2758039407939094, 0.2899515694262512, 0.30351589053683625, 0.31636320748654345, 0.32836278895555415, 0.3393890638665323, 0.3493237968431205, 0.3580581918351658, 0.36549487176556766, 0.3715496839302627, 0.3761532843951052, 0.3792524596989122, 0.3808111506454608, 0.3808111506454608, 0.3792524596989122, 0.3761532843951052, 0.3715496839302627, 0.36549487176556766, 0.3580581918351658, 0.3493237968431205, 0.3393890638665323, 0.32836278895555415, 0.31636320748654345, 0.30351589053683625, 0.2899515694262512, 0.2758039407939094, 0.2612075031954284, 0.2462954733208632, 0.23119782570681632, 0.21603949445016044, 0.20093876916292575, 0.18600591049763962, 0.1713420032897959, 0.15703805797790976, 0.143174363728191, 0.12982008984448598, 0.11703312578868952, 0.10486014463956293, 0.0933368702052374, 0.0824885243601754, 0.07233042854169407, 0.06286873171408804, 0.05410123645235061, 0.04601829504249638, 0.03860374854504072, 0.031835883505798544, 0.02568838329407179, 0.020131253766122816, 0.015131705954782665, 0.010654981642457385, 0.006665110862835394, 0.003125593487966977, 0.0]], "analog_waveforms[]_len": 4, "digital_waveforms[]/name": ["ON"], "digital_waveforms[]/samples": [[[1, 0]]], "digital_waveforms[]_len": 1, "pulses[]/name": ["const_pulse", "saturation_pulse"], "pulses[]/operation": ["control", "control"], "pulses[]/length": [100, 100000], "pulses[]/waveforms/I": ["const_wf", "saturation_drive_wf"], "pulses[]/waveforms/Q": ["zero_wf", "zero_wf"], "pulses[]_len": 2, "pulses_single[]/name": ["const_flux_pulse"], "pulses_single[]/operation": ["control"], "pulses_single[]/length": [100], "pulses_single[]/waveforms/single": ["const_wf"], "pulses_single[]_len": 1, "readout_lines[]/length": [2.0000000000000003e-06], "readout_lines[]/lo_freq": [6370000000.0], "readout_lines[]_len": 1, "readout_resonators[]/f_res": [6317100000.0, 6275500000.0, 6232650000.0, 6173000000.0], "readout_resonators[]/q_factor": [1.0, 1.0, 1.0, 1.0], "readout_resonators[]/readout_regime": ["low_power", "low_power", "low_power", "low_power"], "readout_resonators[]/readout_amplitude": [0.3, 0.3, 0.3, 0.3], "readout_resonators[]/opt_readout_frequency": [4525030000.0, 4525030000.0, 4525030000.0, 4525030000.0], "readout_resonators[]/rotation_angle": [41.3, 41.3, 41.3, 41.3], "readout_resonators[]/readout_fidelity": [0.84, 0.84, 0.84, 0.84], "readout_resonators[]/chi": [1000000.0, 1000000.0, 1000000.0, 1000000.0], "readout_resonators[]/wiring/readout_line_index": [0, 0, 0, 0], "readout_resonators[]/wiring/time_of_flight": [272, 272, 272, 272], "readout_resonators[]/wiring/I": [["con1", 3], ["con1", 3], ["con1", 3], ["con1", 3]], "readout_resonators[]/wiring/Q": [["con1", 4], ["con1", 4], ["con1", 4], ["con1", 4]], "readout_resonators[]/wiring/correction_matrix": [[0.9944668970726104, 0.017111681529249984, 0.016907566043811613, 1.006472533656988], [0.9944668970726104, 0.017111681529249984, 0.016907566043811613, 1.006472533656988], [0.9944668970726104, 0.017111681529249984, 0.016907566043811613, 1.006472533656988], [0.9944668970726104, 0.017111681529249984, 0.016907566043811613, 1.006472533656988]], "readout_resonators[]_len": 4, "crosstalk_matrix/static": [[1.0, 0.0], [0.0, 1.0]], "crosstalk_matrix/fast": [[1.0, 0.0], [-0.2, 1.0]], "drive_line[]/qubits": [[0, 1, 2, 3]], "drive_line[]/freq": [4750000000.0], "drive_line[]/power": [15], "drive_line[]_len": 1, "qubits[]/f_01": [4600000000.0, 4600000000.0, 4600000000.0, 4600000000.0], "qubits[]/anharmonicity": [0.0, 0.0, 0.0, 0.0], "qubits[]/rabi_freq": [1000000.0, 1000000.0, 1000000.0, 1000000.0], "qubits[]/t1": [1.8e-05, 1.8e-05, 1.8e-05, 1.8e-05], "qubits[]/t2": [0.0002, 0.0002, 0.0002, 0.0002], "qubits[]/t2star": [5e-06, 5e-06, 5e-06, 5e-06], "qubits[]/driving/gate_len": [8e-08, 8e-08, 8e-08, 8e-08], "qubits[]/driving/gate_sigma": [1.6e-08, 1.6e-08, 1.6e-08, 1.6e-08], "qubits[]/driving/gate_shape": ["gaussian", "gaussian", "gaussian", "gaussian"], "qubits[]/driving/angle2volt/deg90": [0.08796314, 0.076508238, 0.07783869, 0.082715292], "qubits[]/driving/angle2volt/deg180": [0.17592628, 0.153016476, 0.15567738, 0.165430584], "qubits[]/wiring/I": [["con1", 1], ["con1", 1], ["con1", 1], ["con1", 1]], "qubits[]/wiring/Q": [["con1", 2], ["con1", 2], ["con1", 2], ["con1", 2]], "qubits[]/wiring/correction_matrix": [[1.000047129566289, 0.04530353004292712, 0.04503252188713694, 1.0060654673570588], [1.000047129566289, 0.04530353004292712, 0.04503252188713694, 1.0060654673570588], [1.000047129566289, 0.04530353004292712, 0.04503252188713694, 1.0060654673570588], [1.000047129566289, 0.04530353004292712, 0.04503252188713694, 1.0060654673570588]], "qubits[]/wiring/flux_line": [["con1", 5], ["con1", 6], ["con1", 7], ["con1", 8]], "qubits[]/wiring/flux_filter_coef/feedforward": [[], [], [], []], "qubits[]/wiring/flux_filter_coef/feedback": [[], [], [], []], "qubits[]/sequence_states[]/name": [["dissipative_stabilization", "Excitation", "Free_evolution", "Jump", "Readout", "flux_balancing"], ["dissipative_stabilization", "Excitation", "Free_evolution", "Jump", "Readout", "flux_balancing"], ["dissipative_stabilization", "Excitation", "Free_evolution", "Jump", "Readout", "flux_balancing"], ["dissipative_stabilization", "Excitation", "Free_evolution", "Jump", "Readout", "flux_balancing"]], "qubits[]/sequence_states[]/amplitude": [[0.2, 0.3, 0.2, 0.4, 0.35, -0.35], [0.2, 0.3, 0.2, 0.4, 0.35, -0.35], [0.2, 0.3, 0.2, 0.4, 0.35, -0.35], [0.2, 0.3, 0.2, 0.4, 0.35, -0.35]], "qubits[]/sequence_states[]/length": [[200, 80, 200, 16, 1000, 400], [200, 80, 200, 16, 1000, 400], [200, 80, 200, 16, 1000, 400], [200, 80, 200, 16, 1000, 400]], "qubits[]/sequence_states[]_len": [6, 6, 6, 6], "qubits[]_len": 4, "single_qubit_operations[]/direction": ["x", "x", "x", "x", "y", "y", "y", "y"], "single_qubit_operations[]/angle": [180, -180, 90, -90, 180, -180, 90, -90], "single_qubit_operations[]_len": 8, "running_strategy/running": true, "running_strategy/start": [], "running_strategy/end": [], "sideband[]/f_res": [10817000000.0, 1500000000.0], "sideband[]/LO": [11000000000.0, 1800000000.0], "sideband[]/IF": [-183000000.0, -300000000.0], "sideband[]/sideband_amplitude": [0.3, 0.3], "sideband[]/wiring/I": [["con1", 7], ["con1", 9]], "sideband[]/wiring/Q": [["con1", 8], ["con1", 10]], "sideband[]/wiring/correction_matrix": [[1.0006003802457593, -0.0200146762995878, -0.0200146762995878, 1.0006003802457593], [0.9859735781626993, 0.10610416020120983, 0.09992333533511995, 1.0469616345438972]], "sideband[]_len": 2}