{"_default": {"1": {"correction": [0.9983816705644131, 0.039215683937072754, 0.038910508155822754, 1.0062119960784912], "i_offset": 0.0003662109375, "q_offset": 0.0570068359375, "lo_frequency": 6000000000.0, "if_frequency": 50000000.0, "temperature": {"temp": 58.5, "errors": []}, "mixer_id": "octave_octave1_1", "optimizer_parameters": {"average_iterations": 100, "iterations": 10000, "calibration_offset_frequency": 7000000.0, "keep_on": false}}}}
