{"_default": {"1": {"correction": [0.8389282263815403, 0.03403553366661072, 0.02291378378868103, 1.2461219653487206], "i_offset": 0.00592041015625, "q_offset": -0.051513671875, "lo_frequency": 6000000000.0, "if_frequency": 50000000.0, "temperature": 58.6875, "mixer_id": "octave_octave1_1", "optimizer_parameters": {"average_iterations": 100, "iterations": 10000, "calibration_offset_frequency": 7000000.0, "keep_on": false}}, "2": {"correction": [0.8398319557309151, 0.118743896484375, 0.077728271484375, 1.2829941660165787], "i_offset": -0.08984375, "q_offset": -0.17578125, "lo_frequency": 3000000000.0, "if_frequency": 50000000.0, "temperature": 58.6875, "mixer_id": "octave_octave1_1", "optimizer_parameters": {"average_iterations": 100, "iterations": 10000, "calibration_offset_frequency": 7000000.0, "keep_on": false}}}}