{"_default": {"1": {"correction": [0.9923351667821407, 0.019694719463586807, 0.019370470196008682, 1.0089462213218212], "i_offset": 0.00577545166015625, "q_offset": 0.055084228515625, "lo_frequency": 6000000000.0, "if_frequency": 50000000.0, "temperature": {"temp": 59.75, "errors": []}, "mixer_id": "octave_octave1_1", "optimizer_parameters": {"average_iterations": 100, "iterations": 10000, "calibration_offset_frequency": 7000000.0, "keep_on": false}}, "2": {"correction": [0.8398319557309151, 0.118743896484375, 0.077728271484375, 1.2829941660165787], "i_offset": -0.08984375, "q_offset": -0.17578125, "lo_frequency": 3000000000.0, "if_frequency": 50000000.0, "temperature": 58.6875, "mixer_id": "octave_octave1_1", "optimizer_parameters": {"average_iterations": 100, "iterations": 10000, "calibration_offset_frequency": 7000000.0, "keep_on": false}}, "3": {"correction": [1.0, 0.0, 0.0, 1.0], "i_offset": 0.0037841796875, "q_offset": -0.005855560302734375, "lo_frequency": 6000000000.0, "if_frequency": 50000000.0, "temperature": {"temp": 60.75, "errors": []}, "mixer_id": "octave_octave1_2", "optimizer_parameters": {"average_iterations": 100, "iterations": 10000, "calibration_offset_frequency": 7000000.0, "keep_on": false}}, "4": {"correction": [1.0, 0.0, 0.0, 1.0], "i_offset": 0.0074462890625, "q_offset": -0.0037841796875, "lo_frequency": 6000000000.0, "if_frequency": 50000000.0, "temperature": {"temp": 58.8125, "errors": []}, "mixer_id": "octave_octave1_3", "optimizer_parameters": {"average_iterations": 100, "iterations": 10000, "calibration_offset_frequency": 7000000.0, "keep_on": false}}, "5": {"correction": [1.0, 0.0, 0.0, 1.0], "i_offset": 0.00390625, "q_offset": 0.00390625, "lo_frequency": 6000000000.0, "if_frequency": 50000000.0, "temperature": {"temp": 54.3125, "errors": []}, "mixer_id": "octave_octave1_4", "optimizer_parameters": {"average_iterations": 100, "iterations": 10000, "calibration_offset_frequency": 7000000.0, "keep_on": false}}, "6": {"correction": [0.9973996803164482, -0.014691479504108429, -0.014605648815631866, 1.0032609403133392], "i_offset": -0.0314483642578125, "q_offset": 0.01507568359375, "lo_frequency": 6000000000.0, "if_frequency": 50000000.0, "temperature": {"temp": 51.3125, "errors": []}, "mixer_id": "octave_octave1_5", "optimizer_parameters": {"average_iterations": 100, "iterations": 10000, "calibration_offset_frequency": 7000000.0, "keep_on": false}}}}